key,value
generated_at_utc,2026-08-29T19:37:13.741951+00:00
python_version,"3.9.21 (main, Dec 11 2024, 16:35:24) [MSC v.1929 64 bit (AMD64)]"
platform,Windows-10-10.0.26200-SP0
external_dependencies,none; Python standard library only
fixed_seed_reserved_for_future_sampling,20260813
mgd_to_ml_per_day,3.785411784
input_sha256,850a995eb9d7d8bbef268de0d7d7767af3c63908e0f9fb1a9400b1c99c22e2ea
source_corpus_sha256,c5ff28d0202d699b948be3770753258b7a8d311da7bbee00d781d1ce51bd0a0e
script_sha256,78a6d164b6b8f73b45def25517506ed6d8ef1c044cbfcd0d6090a038ee69359e
